Treatment,SR_predicted,C_predicted,CHA_predicted,Plot_code,Sampling_week,Mesocosm,BLOCK,AZO_0.5,PCZ_0.5,CYP_0.5,SR_observed,C_observed,CHA_observed
Cy.X.Az,9,0.524279835,2.050127085,26,Week_4,Meso_21,1,1,0,1,6,0.055555556,0.758497096
Cy.X.Az,8.166666667,0.272886297,2.746648999,27,Week_4,Meso_47,2,1,0,1,6,0.166666667,2.742737381
Cy.X.Az,6.545454545,0.17505787,2.066272221,28,Week_4,Meso_38,3,1,0,1,9,0.135802469,2.564864629
Cy.X.Az,9.642857143,0.394330133,4.427208074,29,Week_4,Meso_59,4,1,0,1,12,0.208333333,5.461068308
Cy.X.Az,17.11111111,0.150928849,2.13727939,30,Week_4,Meso_35,5,1,0,1,5,0,0.550086714
